name,maker,size_mm,weight_g,price_yen,hook_size,lure_type,range_min_cm,range_max_cm,swim_posture,action,speed_range,casting_distance,bachi_types,youtube_url,amazon_url,rakuten_url,rating,comment
ノガレ120F,ピックアップ,120,6.5,2200,#12,floating,0,2,horizontal,I字,all,short,"river,harbor,kurukuru",https://youtu.be/CE01jM_H5fY?si=OCASnq36mR24vOiz,https://www.amazon.co.jp/s?k=%E3%83%8E%E3%82%AC%E3%83%AC120F&tag=bachilure-22,https://hb.afl.rakuten.co.jp/hgc/3a0b5c9c.7de4b1ee.3a0b5c9d.e6b2f811/?pc=https%3A%2F%2Fsearch.rakuten.co.jp%2Fsearch%2Fmall%2F%25E3%2583%258E%25E3%2582%25AC%25E3%2583%25AC120F%2F&link_type=text&ut=eyJwYWdlIjoidXJsIiwidHlwZSI6InRleHQiLCJjb2wiOjF9,5,"表層引き波系ルアーの傑作。どのスピードで、どの角度でまいても釣れる引き波を出せるのが強み。エリア10はロッドを立てて角度をつけないと良い引き波がでないがノガレは誰でも同じアクションが出せるので釣れるし売れていると思われる。アクションはデッドスローからファストリトリーブまでアクションは破綻しない。川バチからくるくるバチまで対応可能。くるくるバチだとサイズがミスマッチのように見えるが問題なく出るケースも多い。川バチ時は160もおすすめ。フックが４つ付いているので数釣りが期待できる状況のときはフックを外すのと、フック交換に時間が取られるので使わないようにしている。
表層引き波系共通だがライズもなくて雰囲気のないときでもボフッと出ることは多いので雰囲気がなくても投げてみるべきルアー。
江東区運河でライズがなくバチもいない時間帯にノガレを入れるとボフッと連発するシーンがあった。その際、他引き波系も入れたが、一発もでなかったので何かしらの差異があると思われる。"
ベイルーフ マニック95,デュオ,95,8,1650,#10,sinking,0,10,tail_down,くねり,"medium,fast",long,"river,harbor,kurukuru",https://www.youtube.com/watch?v=S_Dk_RYMiTo,https://www.amazon.co.jp/s?k=%E3%83%99%E3%82%A4%E3%83%AB%E3%83%BC%E3%83%95%20%E3%83%9E%E3%83%8B%E3%83%83%E3%82%AF95&tag=bachilure-22,https://hb.afl.rakuten.co.jp/hgc/3a0b5c9c.7de4b1ee.3a0b5c9d.e6b2f811/?pc=https%3A%2F%2Fsearch.rakuten.co.jp%2Fsearch%2Fmall%2F%25E3%2583%2599%25E3%2582%25A4%25E3%2583%25AB%25E3%2583%25BC%25E3%2583%2595%2520%25E3%2583%259E%25E3%2583%258B%25E3%2583%2583%25E3%2582%25AF95%2F&link_type=text&ut=eyJwYWdlIjoidXJsIiwidHlwZSI6InRleHQiLCJjb2wiOjF9,3,"バチ抜け大人気ルアー。飛距離が出て、浮き上がりが早いのが特徴。シンペンとしては珍しいローリングアクション。「マニックムーブ」というらしい。管理人はリア下がりの姿勢とフォールスピードが早いことが気に入らず、あまり使っていない。
底バチ用に135サイズも購入したが、浮き上がりが早いので中層以下を安定してまくことが出来ず、結局使っていない。飛ぶことと釣れることは明白なので微妙なローリングが効くタイミングを私が分かっていないと思われる。"
モアザン スライ95F,ダイワ,95,6.8,1760,#8,floating,0,10,horizontal,I字,"slow,medium",medium,harbor,https://www.youtube.com/watch?v=E3Uwx7h07nc,https://www.amazon.co.jp/s?k=%E3%83%A2%E3%82%A2%E3%82%B6%E3%83%B3%20%E3%82%B9%E3%83%A9%E3%82%A495F&tag=bachilure-22,https://hb.afl.rakuten.co.jp/hgc/3a0b5c9c.7de4b1ee.3a0b5c9d.e6b2f811/?pc=https%3A%2F%2Fsearch.rakuten.co.jp%2Fsearch%2Fmall%2F%25E3%2583%25A2%25E3%2582%25A2%25E3%2582%25B6%25E3%2583%25B3%2520%25E3%2582%25B9%25E3%2583%25A9%25E3%2582%25A495F%2F&link_type=text&ut=eyJwYWdlIjoidXJsIiwidHlwZSI6InRleHQiLCJjb2wiOjF9,4,"表層引き波系ルアーの優等生。表層引き波系だと参照ルアーがエリア10になるが、95Fについてはエリア10との差別化要素を管理人は見いだせていない。エリア10はキャスト後ウエイトを戻す必要があるが、スライはそのままでOK。
サイズ展開が豊富であるのが私の中でのエリア10との明確な差別化要素。川バチのオープンエリアにおいての表層系として125Fはよく使う。バチ抜けルアーというよりは大野ゆうき氏が「the Fishing」で披露したポッピングアクションを入れることによりイナッコボイルを攻略した表層引き波系ルアーを利用した釣り方の革命を起こしたルアーのイメージ。確かその時はスライ110Fを使っていた記憶。もちろん真似して難攻不落のイナッコボイルがこんなふうに釣れるんだと感動した記憶。"
モアザン ヒソカ120F,ダイワ,120,10,1980,#10,floating,2,20,horizontal,テールスイング,all,medium,"river,harbor,kurukuru",https://www.youtube.com/watch?v=dDWhcqgZXG0,https://www.amazon.co.jp/s?k=%E3%83%A2%E3%82%A2%E3%82%B6%E3%83%B3%20%E3%83%92%E3%82%BD%E3%82%AB120F&tag=bachilure-22,https://hb.afl.rakuten.co.jp/hgc/3a0b5c9c.7de4b1ee.3a0b5c9d.e6b2f811/?pc=https%3A%2F%2Fsearch.rakuten.co.jp%2Fsearch%2Fmall%2F%25E3%2583%25A2%25E3%2582%25A2%25E3%2582%25B6%25E3%2583%25B3%2520%25E3%2583%2592%25E3%2582%25BD%25E3%2582%25AB120F%2F&link_type=text&ut=eyJwYWdlIjoidXJsIiwidHlwZSI6InRleHQiLCJjb2wiOjF9,4,リップ付き水面直下バチルアー。水面直下を長細いルアーで安定的に引けるというところが発明。小沼氏のプロデュースルアーの良いところは誰が使っても同じアクションが出せるところ。表層引き波のノガレ、水面直下のヒソカと綺麗な使い分けが可能。足場が高くとも水面直下を引いてこられるので使い勝手が良い。アクションはわずかなテールスイング、他水面直下ルアーに比べてアクションが固い印象もあるが良く釣れる。
アルデンテ70S,アイマ,70,4,1760,#12,sinking,0,5,horizontal,I字,all,short,"harbor,kurukuru",https://www.youtube.com/watch?v=jy5Lg_Mw2yk,https://www.amazon.co.jp/s?k=%E3%82%A2%E3%83%AB%E3%83%87%E3%83%B3%E3%83%8695S&tag=bachilure-22,https://hb.afl.rakuten.co.jp/hgc/3a0b5c9c.7de4b1ee.3a0b5c9d.e6b2f811/?pc=https%3A%2F%2Fsearch.rakuten.co.jp%2Fsearch%2Fmall%2F%25E3%2582%25A2%25E3%2583%25AB%25E3%2583%2587%25E3%2583%25B3%25E3%2583%258695S%2F&link_type=text&ut=eyJwYWdlIjoidXJsIiwidHlwZSI6InRleHQiLCJjb2wiOjF9,5,クルクルバチの特効薬。典型的な水面引き波系ルアー。緩やかにテールが振られる。水面表層系×小型ルアーということで他ルアーとの差別化が出来ている。飛距離は出ないので近距離戦が得意。港区の川幅5メートル程度の水路ではアルデンテとキャロット72Sの独壇場。
エリア10,ガイア,100,9,1100,#8,floating,0,10,horizontal,I字,dead_slow,short,"river,harbor,kurukuru",https://www.youtube.com/watch?v=by_5auq8xdY,https://www.amazon.co.jp/s?k=%E3%82%A8%E3%83%AA%E3%82%A210&tag=bachilure-22,https://hb.afl.rakuten.co.jp/hgc/3a0b5c9c.7de4b1ee.3a0b5c9d.e6b2f811/?pc=https%3A%2F%2Fsearch.rakuten.co.jp%2Fsearch%2Fmall%2F%25E3%2582%25A8%25E3%2583%25AA%25E3%2582%25A210%2F&link_type=text&ut=eyJwYWdlIjoidXJsIiwidHlwZSI6InRleHQiLCJjb2wiOjF9,5,"バチ抜けのど真ん中ルアー。安くて釣れるのでバチ抜け初心者はまずコレを買うべき。記憶だとバチ抜け用として定着したのは2006年頃。当時バチ抜けといえばにょろにょろ、ワンダー等のシンペンがアングラーのメインルアーであったが、徐々に勢力圏を拡大しバチ抜けで一番売れる、釣れるルアーに。もともとは当時大人気だったルアーメーカー、imaのコモモのダウンサイジング版パクリとして認識されていた。
使い方としては竿を立てての表層引き波系としてのスローリトリーブが基本。竿を下に向けるとレンジがやや入る。それでもハマる時はあるが真価はやはり表層引き波アクション。旧江戸川のあるポイントで超至近距離でライズが出るときに、4.5Mの延べ竿で糸の先にエリテンをつけて流しているだけでいくらでも釣れたことがあった。（かなり楽しいのでおすすめ）他のルアーでもほっとけで試して釣れているルアーはいくつかあるが、放置しても釣れるルアーというのがバチ抜け表層系で釣れるルアーであると考えている。管理人は今はなきキャスティング北葛西のオリカラ、バーニングレッド（確か）を愛用していたが、他の色でも同じように釣れる。
フックサイズを6番にあげて浮力をなくすが浮かすチューニングは表層系と水面系の間をいれられるのでおすすめ。港湾引き波系バチが最適で川だとアピール度が弱く、クルクルにもあまり強い印象がない。"
エリア10 EVO,ガイア,100,11.5,1375,#8,sinking,5,30,horizontal,I字,dead_slow,medium,"river,harbor,kurukuru",https://www.youtube.com/watch?v=KvsYMJcIqd8,https://www.amazon.co.jp/s?k=%E3%82%A8%E3%83%AA%E3%82%A210%20EVO&tag=bachilure-22,https://hb.afl.rakuten.co.jp/hgc/3a0b5c9c.7de4b1ee.3a0b5c9d.e6b2f811/?pc=https%3A%2F%2Fsearch.rakuten.co.jp%2Fsearch%2Fmall%2F%25E3%2582%25A8%25E3%2583%25AA%25E3%2582%25A210%2520EVO%2F&link_type=text&ut=eyJwYWdlIjoidXJsIiwidHlwZSI6InRleHQiLCJjb2wiOjF9,2,"エリテンのシンキングバージョン。よく使うシチュエーションはシーズン初期の川バチ。レンジが入って流れに乗せられるルアーがあまりないのでその一つとして使用。泳ぎがノーマルエリテンよりだいぶおとなしい印象なのを利用して、ドリフトで流れの中にいれる使い方をしている。よくいわれる飛距離だがエリテンと比較したら飛ぶがいうほどではない。
管理人の使い方でのライバルはサスケSS。サスケのほうがレンジを安定していれられるので積極的にEVOは投入していない。"
リードフィール120SG,パズデザイン,120,9.5,1650,#12,sinking,0,15,horizontal,テールスイング,all,medium,"river,harbor,kurukuru",https://www.youtube.com/watch?v=9841mKDTOZo,https://www.amazon.co.jp/s?k=%E3%83%AA%E3%83%BC%E3%83%89%E3%83%95%E3%82%A3%E3%83%BC%E3%83%AB120SG&tag=bachilure-22,https://hb.afl.rakuten.co.jp/hgc/3a0b5c9c.7de4b1ee.3a0b5c9d.e6b2f811/?pc=https%3A%2F%2Fsearch.rakuten.co.jp%2Fsearch%2Fmall%2F%25E3%2583%25AA%25E3%2583%25BC%25E3%2583%2589%25E3%2583%2595%25E3%2582%25A3%25E3%2583%25BC%25E3%2583%25AB120SG%2F&link_type=text&ut=eyJwYWdlIjoidXJsIiwidHlwZSI6InRleHQiLCJjb2wiOjF9,5,"シンペン系の基本がにょろにょろだとすると、にょろにょろの進化版がフィール。私のシンペン系エースの座を占める。4本針仕様としてのバチ抜けルアーはこれが初ではないか。低速から高速域まで非常になまめかしく泳ぐ。川バチからクルクルバチまですべて釣れる。クルクルでは竿先さげて若干レンジいれてやって1秒2回転を目安に早巻くとドンっときます。
サイズ展開あるが120でカバーできる。SG（シンキング）がおすすめ。ノーマル素材かハスラー（ボーン素材）かだがハスラーのほうが若干軽くて（120サイズだと10gと9.5gの差）若干アクションがキビキビする。較べれば分かる程度で大きな違いはない。フックサイズを調整したとき程度の差異。どちらも良く釣れるのでここはお好みで。
シンペン型なのに水平姿勢でゆらゆらスローに沈んでいくのも好きなポイント。コラムに書きますがこの特性を活かした釣り方もあります。これも小沼氏プロデュースだった記憶。まちがってたら訂正してください。"
にょろにょろ85,ジャクソン,85,7,1320,#10,sinking,0,10,tail_down,テールスイング,"slow,medium",medium,"harbor,kurukuru",https://www.youtube.com/watch?v=bFts17bnIZA,https://www.amazon.co.jp/s?k=%E3%81%AB%E3%82%87%E3%82%8D%E3%81%AB%E3%82%87%E3%82%8D%2085&tag=bachilure-22,https://hb.afl.rakuten.co.jp/hgc/3a0b5c9c.7de4b1ee.3a0b5c9d.e6b2f811/?pc=https%3A%2F%2Fsearch.rakuten.co.jp%2Fsearch%2Fmall%2F%25E3%2581%25AB%25E3%2582%2587%25E3%2582%258D%25E3%2581%25AB%25E3%2582%2587%25E3%2582%258D85%2F&link_type=text&ut=eyJwYWdlIjoidXJsIiwidHlwZSI6InRleHQiLCJjb2wiOjF9,4,"元祖バチ抜けルアー。発売当初誰もがこれならバチ抜けで釣れると思えたシルエットと泳ぎ。泳ぎはなまめかしく、フォール姿勢も平行、泳ぎ姿勢はやや尻下がり。一番小さいサイズは長さに対して軽めで表層ゆっくり引きに最適。いまだに愛用しているルアー。当時ソルトアンドストリームという雑誌があり、にょろにょろが効くバチ抜けの聖地ポイントとして浦安境川が紹介されていた。そのときはびっちり並んで全員がにょろにょろを投げていた思い出。
ゆったりと沈むのでドリフトの釣りにもおすすめ。1月の旧江戸川で定点でバチを食っている大きなシーバスがいるとき、コモモ、コモモカウンター、裂波をつかう周りが釣れない中、サスケSSでも反応せずにょろにょろのドリフトにだけ反応したこともあった。（フックが伸ばされてしまうのでおすすめはしない）"
にょろにょろ125,ジャクソン,125,14,1485,#10,sinking,0,20,tail_down,テールスイング,medium,medium,"harbor,kurukuru",https://www.youtube.com/watch?v=nQK0tGD10w0,https://www.amazon.co.jp/s?k=%E3%81%AB%E3%82%87%E3%82%8D%E3%81%AB%E3%82%87%E3%82%8D%20125&tag=bachilure-22,https://hb.afl.rakuten.co.jp/hgc/3a0b5c9c.7de4b1ee.3a0b5c9d.e6b2f811/?pc=https%3A%2F%2Fsearch.rakuten.co.jp%2Fsearch%2Fmall%2F%25E3%2581%25AB%25E3%2582%2587%25E3%2582%258D%25E3%2581%25AB%25E3%2582%2587%25E3%2582%258D125%2F&link_type=text&ut=eyJwYWdlIjoidXJsIiwidHlwZSI6InRleHQiLCJjb2wiOjF9,4,"いまいち人気がないが良く釣れるルアー。重くフォールスピードが早いので竿を立ててまいても水面直下は引けずにそれより下のレンジを釣ることになる。港湾バチで他のルアーが釣れないときにこれを入れると釣れることがよくある。足場が高い場所でもレンジを引いてこれるので安定している。
以前はバチルアーとしてのロングサイズだったので特異な位置にいたが近頃は120mmが定番してきてしまったので、本ルアーの爆発力はやや落ちてきていると感じている。"
ラザミン90,ブルーブルー,90,8,1958,#8,floating,0,10,horizontal,I字,all,medium,harbor,https://www.youtube.com/watch?v=ZOY8FdJdveQ,https://www.amazon.co.jp/s?k=%E3%83%A9%E3%82%B6%E3%83%9F%E3%83%B390&tag=bachilure-22,https://hb.afl.rakuten.co.jp/hgc/3a0b5c9c.7de4b1ee.3a0b5c9d.e6b2f811/?pc=https%3A%2F%2Fsearch.rakuten.co.jp%2Fsearch%2Fmall%2F%25E3%2583%25A9%25E3%2582%25B6%25E3%2583%259F%25E3%2583%25B390%2F&link_type=text&ut=eyJwYWdlIjoidXJsIiwidHlwZSI6InRleHQiLCJjb2wiOjF9,,使用経験なし
カッター90,メガバス,90,8,1870,#8,sinking,0,5,horizontal,テールスイング,all,medium,harbor,https://www.youtube.com/watch?v=umek8uKKb5c,https://www.amazon.co.jp/s?k=%E3%82%AB%E3%83%83%E3%82%BF%E3%83%BC90&tag=bachilure-22,https://hb.afl.rakuten.co.jp/hgc/3a0b5c9c.7de4b1ee.3a0b5c9d.e6b2f811/?pc=https%3A%2F%2Fsearch.rakuten.co.jp%2Fsearch%2Fmall%2F%25E3%2582%25AB%25E3%2583%2583%25E3%2582%25BF%25E3%2583%25BC90%2F&link_type=text&ut=eyJwYWdlIjoidXJsIiwidHlwZSI6InRleHQiLCJjb2wiOjF9,,使用経験なし
カーム80,アイマ,80,7,1650,#10,sinking,0,20,horizontal,テールスイング,slow,medium,harbor,https://www.youtube.com/watch?v=KdCvK8B9Vjg,https://www.amazon.co.jp/s?k=%E3%82%AB%E3%83%BC%E3%83%A080&tag=bachilure-22,https://hb.afl.rakuten.co.jp/hgc/3a0b5c9c.7de4b1ee.3a0b5c9d.e6b2f811/?pc=https%3A%2F%2Fsearch.rakuten.co.jp%2Fsearch%2Fmall%2F%25E3%2582%25AB%25E3%2583%25BC%25E3%2583%25A080%2F&link_type=text&ut=eyJwYWdlIjoidXJsIiwidHlwZSI6InRleHQiLCJjb2wiOjF9,2,「細いシンペン」として登場。いかにも釣れそうなのでよく売れたようだが定着はしなかった。数匹このルアーでとっているがワンダーの後塵を拝すイメージ。ワンダーよりアクションが弱くふわふわっとした泳ぎである。飛距離を重視しており、レンジが入る。港湾部ではやや持て余すフォールスピードで使い勝手が悪い。川ではアピール度が弱い。
カーム110,アイマ,110,10,1870,#8,sinking,10,50,horizontal,テールスイング,slow,medium,river,https://www.youtube.com/watch?v=PskUWJLBXJc,https://www.amazon.co.jp/s?k=%E3%82%AB%E3%83%BC%E3%83%A0110&tag=bachilure-22,https://hb.afl.rakuten.co.jp/hgc/3a0b5c9c.7de4b1ee.3a0b5c9d.e6b2f811/?pc=https%3A%2F%2Fsearch.rakuten.co.jp%2Fsearch%2Fmall%2F%25E3%2582%25AB%25E3%2583%25BC%25E3%2583%25A0110%2F&link_type=text&ut=eyJwYWdlIjoidXJsIiwidHlwZSI6InRleHQiLCJjb2wiOjF9,5,"底バチで強さを発揮するルアー。バチ抜けルアーは浮き上がりが早いルアーが多いが、底層をゆっくり引くことができるところが強み。イメージは1.5Mから１M水深のレンジをボトムよりやや上を引いてくるイメージで使っている。スローで底のほうを引けるルアーがあまりないので特別な位置を占め,いまも一軍。底バチルアーは中層より下のルアーのことを指して厳密に底をとるルアーは少ない。リップ付きで中層を探れるルアーはあるが、底層を表層系のシンペンのようなバチの動きで誘えるルアーはない。2023年に復刻されたようでかなり買い足した。"
ワンダー60,ラッキークラフト,60,6.2,1430,#10,sinking,10,30,horizontal,テールスイング,all,medium,"harbor,kurukuru",https://www.youtube.com/watch?v=-vQteH2lNIQ,https://www.amazon.co.jp/s?k=%E3%83%AF%E3%83%B3%E3%83%80%E3%83%BC60&tag=bachilure-22,https://hb.afl.rakuten.co.jp/hgc/3a0b5c9c.7de4b1ee.3a0b5c9d.e6b2f811/?pc=https%3A%2F%2Fsearch.rakuten.co.jp%2Fsearch%2Fmall%2F%25E3%2583%25AF%25E3%2583%25B3%25E3%2583%2580%25E3%2583%25BC60%2F&link_type=text&ut=eyJwYWdlIjoidXJsIiwidHlwZSI6InRleHQiLCJjb2wiOjF9,5,クルクルバチ対策優秀ルアー。キャロットやフィールが登場する前はクルクルバチにはワンダー60がメインだった。小さいがワンダー80同様によく動くのでアピールがあり他ルアーとの差別化要素がある。基本的にはスローで引いてくるルアーだがクルクルの時には早巻きがおすすめ。その際は飛び出さないようにロッドティップを水面に近づけること。クルクル時はショートバイトが多いが、ワンダー60の早巻きでドンっと食ってくる。管理人のハクパターン対策の筆頭ルアーでもある。
ワンダー80,ラッキークラフト,80,11.5,1540,#8,sinking,10,30,horizontal,テールスイング,slow,long,harbor,https://www.youtube.com/watch?v=x0aNOyXAlJM,https://www.amazon.co.jp/s?k=%E3%83%AF%E3%83%B3%E3%83%80%E3%83%BC80&tag=bachilure-22,https://hb.afl.rakuten.co.jp/hgc/3a0b5c9c.7de4b1ee.3a0b5c9d.e6b2f811/?pc=https%3A%2F%2Fsearch.rakuten.co.jp%2Fsearch%2Fmall%2F%25E3%2583%25AF%25E3%2583%25B3%25E3%2583%2580%25E3%2583%25BC80%2F&link_type=text&ut=eyJwYWdlIjoidXJsIiwidHlwZSI6InRleHQiLCJjb2wiOjF9,4,元祖シンペン。現代のバチ抜けシンペンと比較するとやや太いが今もよく釣れる。80は港湾バチにフィットする。ワンダーシリーズの特徴として他のバチ抜けルアーよりアクション強い。弱い動きが必須であるバチ抜けルアーのなかにアクション弱と強の間がある。ワンダーはバチ抜けとして反応する動きのなかの強であり、ハマる時がある。バチ抜けにおけるボラは強い動きに反応して連発することがある。やや太目であるところも他ルアーとの差別化要素になっており今も一軍。
ワンダースリム70,ラッキークラフト,70,5.5,1540,#10,sinking,0,10,horizontal,テールスイング,slow,long,harbor,https://www.youtube.com/watch?v=KNmVpIoL6aY,https://www.amazon.co.jp/s?k=%E3%83%AF%E3%83%B3%E3%83%80%E3%83%BC%E3%82%B9%E3%83%AA%E3%83%A070&tag=bachilure-22,https://hb.afl.rakuten.co.jp/hgc/3a0b5c9c.7de4b1ee.3a0b5c9d.e6b2f811/?pc=https%3A%2F%2Fsearch.rakuten.co.jp%2Fsearch%2Fmall%2F%25E3%2583%25AF%25E3%2583%25B3%25E3%2583%2580%25E3%2583%25BC%25E3%2582%25B9%25E3%2583%25AA%25E3%2583%25A070%2F&link_type=text&ut=eyJwYWdlIjoidXJsIiwidHlwZSI6InRleHQiLCJjb2wiOjF9,2,"ワンダー60に惚れ込んでいたので、細くてよりバチっぽいワンダースリムならより釣れるだろうともって使っていたが、ワンダー60に一度も勝つことはできなかった。レンジの安定性に欠ける印象。泳ぎも60,80と比較してやや固い印象がある。"
エクスセンス トライデント90S,シマノ,90,11,2200,#8,sinking,0,10,horizontal,テールスイング,slow,long,harbor,https://www.youtube.com/watch?v=fJKkkGgDFFw,https://www.amazon.co.jp/s?k=%E3%82%A8%E3%82%AF%E3%82%B9%E3%82%BB%E3%83%B3%E3%82%B9%20%E3%83%88%E3%83%A9%E3%82%A4%E3%83%87%E3%83%B3%E3%83%8890S&tag=bachilure-22,https://hb.afl.rakuten.co.jp/hgc/3a0b5c9c.7de4b1ee.3a0b5c9d.e6b2f811/?pc=https%3A%2F%2Fsearch.rakuten.co.jp%2Fsearch%2Fmall%2F%25E3%2582%25A8%25E3%2582%25AF%25E3%2582%25B9%25E3%2582%25BB%25E3%2583%25B3%25E3%2582%25B9%2520%25E3%2583%2588%25E3%2583%25A9%25E3%2582%25A4%25E3%2583%2587%25E3%2583%25B3%25E3%2583%258890S%2F&link_type=text&ut=eyJwYWdlIjoidXJsIiwidHlwZSI6InRleHQiLCJjb2wiOjF9,,使用経験なし
モアザン キャロット72S,ダイワ,72,4.4,1760,#10,sinking,0,5,horizontal,テールスイング,all,short,"harbor,kurukuru",https://www.youtube.com/watch?v=tH_hu0GND_I,https://www.amazon.co.jp/s?k=%E3%83%A2%E3%82%A2%E3%82%B6%E3%83%B3%20%E3%82%AD%E3%83%A3%E3%83%AD%E3%83%83%E3%83%8872S&tag=bachilure-22,https://hb.afl.rakuten.co.jp/hgc/3a0b5c9c.7de4b1ee.3a0b5c9d.e6b2f811/?pc=https%3A%2F%2Fsearch.rakuten.co.jp%2Fsearch%2Fmall%2F%25E3%2583%25A2%25E3%2582%25A2%25E3%2582%25B6%25E3%2583%25B3%2520%25E3%2582%25AD%25E3%2583%25A3%25E3%2583%25AD%25E3%2583%2583%25E3%2583%258872S%2F&link_type=text&ut=eyJwYWdlIjoidXJsIiwidHlwZSI6InRleHQiLCJjb2wiOjF9,5,"港湾バチのシンペン系メインルアー。風がなければキャロットが先発。登場当初はヘッドについている金属で引き波を立てるということでよくあるギミック系ルアーだと思っていたがさすが大野ゆうき氏。素晴らしい泳ぎだった。泳ぎは2パターン、ロッドを高くあげて巻いてくる広告通りの角を利用した細い引き波を立てるパターン。同じ引き波を出せるルアーはないので重宝する。港湾バチをよく観察して引き波の細さを見てほしい。細い引き波をたてているときはキャロットであれば反応させられることがある。
もう一つの泳ぎは水面直下2-5センチのふらつきアクション。アクションはワンダー60の泳ぎをやや緩やかにした如何にも釣れる動き。かつ水平姿勢での泳ぎであり管理人的には満点の泳ぎ。"
プレックス水面直下85,ロンジン,85,7.5,1980,#10,sinking,0,10,horizontal,くねり,"dead_slow,slow",medium,"harbor,kurukuru",https://www.youtube.com/watch?v=06G7i0ufV8w,https://www.amazon.co.jp/s?k=%E3%83%97%E3%83%AC%E3%83%83%E3%82%AF%E3%82%B985&tag=bachilure-22,https://hb.afl.rakuten.co.jp/hgc/3a0b5c9c.7de4b1ee.3a0b5c9d.e6b2f811/?pc=https%3A%2F%2Fsearch.rakuten.co.jp%2Fsearch%2Fmall%2F%25E3%2583%2597%25E3%2583%25AC%25E3%2583%2583%25E3%2582%25AF%25E3%2582%25B985%2F&link_type=text&ut=eyJwYWdlIjoidXJsIiwidHlwZSI6InRleHQiLCJjb2wiOjF9,4,バチ抜け界隈を一時制覇したジョイント系ルアー。今もよく釣れるし他のルアーとの差別化要素もある。よく使うのは水面直下。表層引き波系、シンペン系で反応しないときにプレックスを入れると反応することがままある。水面直下の名の通り、水面下で使う。引き波を出したポジションであると強みが半減する。他ルアーでは出せない動きが出るので今も一軍ルアーである。出来ればより大きなサイズを作ってほしい。プレックスも川バチに使うことは出来るがあくまで港湾用であると認識していてよりアピールのあるスネーク系アクションバチルアーがほしい。現状どこもだしていない認識なので、相当釣れると思われる。130mmが欲しい。
レビンライト,ロンジン,95,12,2200,#6,sinking,0,40,horizontal,テールスイング,slow,long,harbor,https://www.youtube.com/watch?v=6lVfORnZRTI,https://www.amazon.co.jp/s?k=%E3%83%AC%E3%83%93%E3%83%B3%E3%83%A9%E3%82%A4%E3%83%88&tag=bachilure-22,https://hb.afl.rakuten.co.jp/hgc/3a0b5c9c.7de4b1ee.3a0b5c9d.e6b2f811/?pc=https%3A%2F%2Fsearch.rakuten.co.jp%2Fsearch%2Fmall%2F%25E3%2583%25AC%25E3%2583%2593%25E3%2583%25B3%25E3%2583%25A9%25E3%2582%25A4%25E3%2583%2588%2F&link_type=text&ut=eyJwYWdlIjoidXJsIiwidHlwZSI6InRleHQiLCJjb2wiOjF9,,使用経験なし
パンチラインスリム90,アピア,90,12,1870,#10,sinking,0,20,horizontal,テールスイング,slow,long,harbor,https://www.youtube.com/watch?v=LXn7wR9OIck,https://www.amazon.co.jp/s?k=%E3%83%91%E3%83%B3%E3%83%81%E3%83%A9%E3%82%A4%E3%83%B3%E3%82%B9%E3%83%AA%E3%83%A090&tag=bachilure-22,https://hb.afl.rakuten.co.jp/hgc/3a0b5c9c.7de4b1ee.3a0b5c9d.e6b2f811/?pc=https%3A%2F%2Fsearch.rakuten.co.jp%2Fsearch%2Fmall%2F%25E3%2583%2591%25E3%2583%25B3%25E3%2583%2581%25E3%2583%25A9%25E3%2582%25A4%25E3%2583%25B3%25E3%2582%25B9%25E3%2583%25AA%25E3%2583%25A090%2F&link_type=text&ut=eyJwYWdlIjoidXJsIiwidHlwZSI6InRleHQiLCJjb2wiOjF9,,使用経験なし
エンヴィー95,邪道,95,9,1540,#10,sinking,0,20,horizontal,テールスイング,slow,medium,harbor,https://www.youtube.com/watch?v=rIfjJ_RtMy4,https://www.amazon.co.jp/s?k=%E3%82%A8%E3%83%B3%E3%83%B4%E3%82%A3%E3%83%BC95&tag=bachilure-22,https://hb.afl.rakuten.co.jp/hgc/3a0b5c9c.7de4b1ee.3a0b5c9d.e6b2f811/?pc=https%3A%2F%2Fsearch.rakuten.co.jp%2Fsearch%2Fmall%2F%25E3%2582%25A8%25E3%2583%25B3%25E3%2583%25B4%25E3%2582%25A3%25E3%2583%25BC95%2F&link_type=text&ut=eyJwYWdlIjoidXJsIiwidHlwZSI6InRleHQiLCJjb2wiOjF9,,使用経験なし
ザブラシステムミノー123F,ジップベイツ,123,15,2530,#6,floating,0,50,horizontal,テールスイング,medium,long,river,https://www.youtube.com/watch?v=654VBY2yet4,https://www.amazon.co.jp/s?k=%E3%82%B6%E3%83%96%E3%83%A9%E3%82%B7%E3%82%B9%E3%83%86%E3%83%A0%E3%83%9F%E3%83%8E%E3%83%BC123F&tag=bachilure-22,https://hb.afl.rakuten.co.jp/hgc/3a0b5c9c.7de4b1ee.3a0b5c9d.e6b2f811/?pc=https%3A%2F%2Fsearch.rakuten.co.jp%2Fsearch%2Fmall%2F%25E3%2582%25B6%25E3%2583%2596%25E3%2583%25A9%25E3%2582%25B7%25E3%2582%25B9%25E3%2583%2586%25E3%2583%25A0%25E3%2583%259F%25E3%2583%258E%25E3%2583%25BC123F%2F&link_type=text&ut=eyJwYWdlIjoidXJsIiwidHlwZSI6InRleHQiLCJjb2wiOjF9,3,川バチでかつてよく使っていたミノー。泳ぎが安定していることと泳ぎすぎないため表層のドリフトで使用していた。川の流れが早いときに流れをつかみすぎずに水深50センチ程度を流せるルアーとして重宝していた。ただし爆発的に釣れるイメージはなく、登場機会は現象している。ややレンジを入れられるバチ抜けにも使えるミノーというのはあまりなく、メーカーにはここの空白地帯を埋めていってほしいところ。長くて細くて水をつかみすぎないという観点でルアーを漁りたどり着いた一つの答え。
コモモSF-125,アイマ,125,18,2200,#4,floating,0,50,horizontal,テールスイング,"dead_slow,slow",long,river,https://www.youtube.com/watch?v=gpn3KqtiBJE,https://www.amazon.co.jp/s?k=%E3%82%B3%E3%83%A2%E3%83%A2SF-125&tag=bachilure-22,https://hb.afl.rakuten.co.jp/hgc/3a0b5c9c.7de4b1ee.3a0b5c9d.e6b2f811/?pc=https%3A%2F%2Fsearch.rakuten.co.jp%2Fsearch%2Fmall%2F%25E3%2582%25B3%25E3%2583%25A2%25E3%2583%25A2SF-125%2F&link_type=text&ut=eyJwYWdlIjoidXJsIiwidHlwZSI6InRleHQiLCJjb2wiOjF9,4,"元祖引き波表層系。川バチでの定番であったが、近年バチ抜けイコール細身のイメージが定着したため近頃はあまり使われていない。今でも釣れるし125サイズで表層をひけるという点で唯一無二。シャローランナージャンルのルアーは概してバチ抜けにも利用できる。コモモシリーズが好きなのはレンジを刻めること。川バチにおけるレンジ刻みの指針がどこのメーカーも出しておらず同じメーカーでレンジを刻めることはアドバンテージになると思うのだが、アイマはバチ抜け用として自社であまり認識していないようだ。
川バチのレンジ攻略ではコモモSF125で表層から5センチ、次にコモモカウンター125で50センチ、サスケ裂波で1Mのレンジを刻める。コモモはロール、サスケ裂波はウォブリングの要素が強い。無理に品薄のブローウィンを買わなくてもアイマシリーズで川バチのレンジ攻略は可能だ。"
ハイドロアッパー,アピア,80,12,1760,#8,sinking,10,30,horizontal,テールスイング,slow,medium,harbor,https://www.youtube.com/watch?v=LQ9frTHYB-M,https://www.amazon.co.jp/s?k=%E3%83%8F%E3%82%A4%E3%83%89%E3%83%AD%E3%82%A2%E3%83%83%E3%83%91%E3%83%BC&tag=bachilure-22,https://hb.afl.rakuten.co.jp/hgc/3a0b5c9c.7de4b1ee.3a0b5c9d.e6b2f811/?pc=https%3A%2F%2Fsearch.rakuten.co.jp%2Fsearch%2Fmall%2F%25E3%2583%258F%25E3%2582%25A4%25E3%2583%2589%25E3%2583%25AD%25E3%2582%25A2%25E3%2583%2583%25E3%2583%2591%25E3%2583%25BC%2F&link_type=text&ut=eyJwYWdlIjoidXJsIiwidHlwZSI6InRleHQiLCJjb2wiOjF9,,使用経験なし
チキチータ,ハルシオンシステム,150,15,2200,#4,floating,0,10,horizontal,I字,"dead_slow,slow",long,river,https://www.youtube.com/watch?v=DquLZ_WmLRs,,,5,大好きなルアー。どうやって動いているか分からないウネウネした動きが唯一無二。一番大きいサイズがチキチータであるが廃盤になっているはず。表層系ルアーの変わり種で川バチで使用する。表層で他のルアーに出きらないときでもチキチータだけ連発する場面多数。釣り方はデッドスローの表層に波紋をだしてのリトリーブ。アピールが強いので川バチに最適だし、複雑な動きをするようで見切られにくいと感じている。バナナカラーが一番かわいいがあと一本しかないので投げるのを躊躇している。
チキチータベイビー,ハルシオンシステム,120,13,2200,#8,sinking,0,30,horizontal,I字,"dead_slow,slow",long,river,https://www.instagram.com/reel/DHAjwmCJw2d/,https://www.amazon.co.jp/s?k=%E3%83%81%E3%82%AD%E3%83%81%E3%83%BC%E3%82%BF%E3%83%99%E3%82%A4%E3%83%93%E3%83%BC&tag=bachilure-22,https://hb.afl.rakuten.co.jp/hgc/3a0b5c9c.7de4b1ee.3a0b5c9d.e6b2f811/?pc=https%3A%2F%2Fsearch.rakuten.co.jp%2Fsearch%2Fmall%2F%25E3%2583%2581%25E3%2582%25AD%25E3%2583%2581%25E3%2583%25BC%25E3%2582%25BF%25E3%2583%2599%25E3%2582%25A4%25E3%2583%2593%25E3%2583%25BC%2F&link_type=text&ut=eyJwYWdlIjoidXJsIiwidHlwZSI6InRleHQiLCJjb2wiOjF9,4,"チキチータのダウンサイジングモデル。フローティングであるが30センチ程度レンジがはいる。足場が高い場所でも同様にレンジが入るので重宝する。リップ付き水面直下ルアーといったイメージ。チキチータが素晴らしいのは同じアクションでチキチータは表層を、ベイビーは水面下30センチを引けるところ。同じメーカーの同じアクションでレンジを刻めるシステマティックな釣り方を構築できるところがうれしい。フローティングモデルのほかにサスペンド、シンキングモデルもありそれぞれレンジが30,50,80センチといったイメージで使っている同じアクションでレンジを刻めるのはリップ付きミノーの特性である。川バチにも港湾バチにも強い。港湾バチでは4月の港湾バチ初期のタイミングで出てくる長い表層バチが出てくるときが使い時。江東区運河で桜が散る時期、バチが出きったあとでもストラクチャーをタイトに引いてくると面白いようにバイトが出る。"
ローリングベイト77,タックルハウス,77,18,1650,#6,sinking,30,100,tail_down,I字,slow,long,bottom,https://www.youtube.com/watch?v=hPCtBZuAr-Q,https://www.amazon.co.jp/s?k=%E3%83%AD%E3%83%BC%E3%83%AA%E3%83%B3%E3%82%B0%E3%83%99%E3%82%A4%E3%83%8877&tag=bachilure-22,https://hb.afl.rakuten.co.jp/hgc/3a0b5c9c.7de4b1ee.3a0b5c9d.e6b2f811/?pc=https%3A%2F%2Fsearch.rakuten.co.jp%2Fsearch%2Fmall%2F%25E3%2583%25AD%25E3%2583%25BC%25E3%2583%25AA%25E3%2583%25B3%25E3%2582%25B0%25E3%2583%2599%25E3%2582%25A4%25E3%2583%258877%2F&link_type=text&ut=eyJwYWdlIjoidXJsIiwidHlwZSI6InRleHQiLCJjb2wiOjF9,2,"底バチ用の定番ルアー。当時底を狙うとしたらバイブレーションしかなかったため、スローで泳ぐとバチ抜けでも釣れるアクションとなるローリングベイトが重宝されていた。シンペンのイメージで浮き上がりを抑えたバイブレーションのレンジを引けるルアーといったイメージ。確かに釣れるが本当にバチ抜け特化のアクションなのかというと私は疑問視しており近年はワームに7ｇ～14ｇのジグヘッドをつけて同じレンジを釣っている。
底バチの主戦場は川だが、川ではアピールが弱すぎるところも気になるところ。"
コアマン アルカリ,コアマン,83,,990,,sinking,0,20,horizontal,I字,slow,medium,bottom,https://www.youtube.com/watch?v=eFqRbN-EN3o,https://www.amazon.co.jp/s?k=%E3%82%A2%E3%83%AB%E3%82%AB%E3%83%AA&tag=bachilure-22,https://hb.afl.rakuten.co.jp/hgc/3a0b5c9c.7de4b1ee.3a0b5c9d.e6b2f811/?pc=https%3A%2F%2Fsearch.rakuten.co.jp%2Fsearch%2Fmall%2F%25E3%2582%25B3%25E3%2582%25A2%25E3%2583%259E%25E3%2583%25B3%2520%25E3%2582%25A2%25E3%2583%25AB%25E3%2582%25AB%25E3%2583%25AA%2F&link_type=text&ut=eyJwYWdlIjoidXJsIiwidHlwZSI6InRleHQiLCJjb2wiOjF9,5,"R32のあとのシーバスワームでの大ヒットルアー。
管理人はワームをとても信頼しているが、同じジャンルのワームの使い分けについてまで理解が及んでいない。なのでミドルアッパーと同じように使って、同じように釣れている。
使い方はミドルアッパーを参照。"
モアザン ミドルアッパー,ダイワ,89,,968,,sinking,0,20,horizontal,I字,slow,medium,bottom,https://www.youtube.com/watch?v=DAokuVbG2i0,https://www.amazon.co.jp/s?k=%E3%83%A2%E3%82%A2%E3%82%B6%E3%83%B3%20%E3%83%9F%E3%83%89%E3%83%AB%E3%82%A2%E3%83%83%E3%83%91%E3%83%BC&tag=bachilure-22,https://hb.afl.rakuten.co.jp/hgc/3a0b5c9c.7de4b1ee.3a0b5c9d.e6b2f811/?pc=https%3A%2F%2Fsearch.rakuten.co.jp%2Fsearch%2Fmall%2F%25E3%2583%25A2%25E3%2582%25A2%25E3%2582%25B6%25E3%2583%25B3%2520%25E3%2583%259F%25E3%2583%2589%25E3%2583%25AB%25E3%2582%25A2%25E3%2583%2583%25E3%2583%2591%25E3%2583%25BC%2F&link_type=text&ut=eyJwYWdlIjoidXJsIiwidHlwZSI6InRleHQiLCJjb2wiOjF9,5,"港湾で多用。ハードルアーでショートバイトが頻発するときに使用。大体はセイゴの時が多いが、正体を突き止められる。魚がいるが見切られているときにワームを入れるとハードルアーと比較してバイト数は3～4培になるイメージ。使い時はハードルアーでアジャストできないとき。ジグヘッドは1.8gを使用。スローで巻いても見切られづらいのがワームの良さ。
足元でライズがあるときに水面直下で8の字引き、シェイクでそのまま持っていく。ミドルアッパーはバチ抜け以外でも釣れるので必携。難しすぎる沖縄のマイクロベイトパターンオニヒラアジもミドルアッパー2.5だけが攻略できた。"
バロール130,エクリプス,130,20,2200,#6,sinking,0,40,horizontal,テールスイング,"slow,medium",long,harbor,https://www.youtube.com/watch?v=AGs7sx1ElMM,https://www.amazon.co.jp/s?k=%E3%83%90%E3%83%AD%E3%83%BC%E3%83%AB130&tag=bachilure-22,https://hb.afl.rakuten.co.jp/hgc/3a0b5c9c.7de4b1ee.3a0b5c9d.e6b2f811/?pc=https%3A%2F%2Fsearch.rakuten.co.jp%2Fsearch%2Fmall%2F%25E3%2583%2590%25E3%2583%25AD%25E3%2583%25BC%25E3%2583%25AB130%2F&link_type=text&ut=eyJwYWdlIjoidXJsIiwidHlwZSI6InRleHQiLCJjb2wiOjF9,2,"川バチでの新定番。コモモ系の泳ぎをすると思いきや、マニック系の泳ぎ。飛ばせて表層をスローに引けるというのをメーカーも謳っているので、マニックのコンセプトに似ている。
マニックの時に書いたように、こちらもリア下がり且つ浮上が早い泳ぎであり、そこが気に入らず、あまり使っていない。前田泰久氏がプロデュースしたルアーであるが、つい最近の雑誌連載でフロントスプリットリングにシンカーを付けて姿勢を並行に矯正してバチ抜け攻略をしていた。開発者であっても私と同じようにできれば水平姿勢にしたいという思いがあるのかと興味深かった。"
バロール6５,エクリプス,50,7.3,1738,#8,sinking,0,10,horizontal,テールスイング,all,medium,"harbor,kurukuru",https://www.youtube.com/watch?v=MQd6a9pablo,https://www.amazon.co.jp/s?k=%E3%83%90%E3%83%AD%E3%83%BC%E3%83%AB50&tag=bachilure-22,https://hb.afl.rakuten.co.jp/hgc/3a0b5c9c.7de4b1ee.3a0b5c9d.e6b2f811/?pc=https%3A%2F%2Fsearch.rakuten.co.jp%2Fsearch%2Fmall%2F%25E3%2583%2590%25E3%2583%25AD%25E3%2583%25BC%25E3%2583%25AB50%2F&link_type=text&ut=eyJwYWdlIjoidXJsIiwidHlwZSI6InRleHQiLCJjb2wiOjF9,4,港湾バチで使いやすいルアー。やや丸っこいボディでゆらゆらとした泳ぎ。キャスタビリティがよくライズの狙い撃ちが可能。130とは性格が違って平行に近い泳ぎ姿勢。ルアー姿勢が安定しているのでクルクルバチでの早巻きにハマる。1秒2回転で何も考えず広範囲に投げればドンっと深いバイトが出る。バチ抜けではないが明暗をドリフトさせるのもとてもやりやすい。
グース125F,ハンプコーポレーション,125,16,2090,#6,floating,0,20,horizontal,テールスイング,"dead_slow,slow",long,river,https://www.youtube.com/watch?v=--R4IGJ-490,,,4,"コモモのライバルルアーであり、コモモと同じレンジを別のアクションで引けるルアー。川バチで使う。リップが大きくバチ抜けには向いていないように思えるが、デッドスローに引いた時の引き波がリップレスとは異なる。人為的であるが釣れそうなほのかな引き波を出せる。使うタイミングはライズが出る前にアピールしたいとき。アップか止水域限定で使う。早く巻くとバチ抜けでは釣れないアクションに変わるので注意。ウエイトボールを戻さないと垂直に近い立ち姿勢。この姿勢のほっとけでも釣れる。ほっとけは水平ではなく、立ち姿勢のほうがだましやすい印象。廃盤であり、バチ抜け用というかシャローランナーとしていまだに人気があるので入手困難。
現在シャローランナーはメガバスのカゲロウが制覇したが、グースの動きをやや抑えて、よりイレギュラーアクションが出るように改良しているというイメージ。
本ルアーとは関係ないがハンプコーポレーションがバース130Fというルアーも作っていて、どうみてもグースのスリムバージョンだった。グースに惚れ込んでいる身としてはよく使ったが特筆して釣れるルアーではなかった。なぜ釣れないのだろうと謎が残ったルアー。"
サスケSS-95,アイマ,95,10,1870,#6,sinking,30,60,horizontal,テールスイング,medium,long,river,https://www.youtube.com/watch?v=d-AtZoFpmVI,https://www.amazon.co.jp/s?k=%E3%82%B5%E3%82%B9%E3%82%B1SS95&tag=bachilure-22,https://hb.afl.rakuten.co.jp/hgc/3a0b5c9c.7de4b1ee.3a0b5c9d.e6b2f811/?pc=https%3A%2F%2Fsearch.rakuten.co.jp%2Fsearch%2Fmall%2F%25E3%2582%25B5%25E3%2582%25B9%25E3%2582%25B1SS-95%2F&link_type=text&ut=eyJwYWdlIjoidXJsIiwidHlwZSI6InRleHQiLCJjb2wiOjF9,3,"川バチで使用。レンジを入れてゆったり引いてくることが出来る。早巻きをするとウォブリングが強いルアーなのでアップもしくは止水時が使い時。レンジが50-70cmくらいのイメージ。使い分けとしてより深くてボディの大きさによるアピールを出したいなら裂波。
近距離でライズしていてかつレンジを入れたいときに有用。ウエイトを戻さないと尻下がりでのフラフラした挙動になる。レンジを安定的に入れられて、その泳ぎが出来るのはないので重宝する。イメージはワンダーの動きでレンジを入れて引くことが出来る。"
トリップ66,アイマ,66,10,1760,#8,sinking,0,15,horizontal,テールスイング,slow,medium,harbor,https://www.youtube.com/watch?v=d-AtZoFpmVI,,,2,アイマ初のシンキングペンシル（のはず）。廃盤。ボテッとしたフォルムをしておりキャスタビリティ、操作性が良い。やや重いルアーなので艶めかしい動きは出しづらい。他ルアーとの明確な差別化要素がないので埋もれていったルアー。可愛いフォルムなのでたまに持っていく。
サスケ裂波120,アイマ,120,17,2090,#4,floating,0,100,horizontal,テールスイング,medium,long,river,https://www.youtube.com/watch?v=lsOmgg1NlvI,https://www.amazon.co.jp/s?k=%E3%82%B5%E3%82%B9%E3%82%B1%E8%A3%82%E6%B3%A2120&tag=bachilure-22,https://hb.afl.rakuten.co.jp/hgc/3a0b5c9c.7de4b1ee.3a0b5c9d.e6b2f811/?pc=https%3A%2F%2Fsearch.rakuten.co.jp%2Fsearch%2Fmall%2F%25E3%2582%25B5%25E3%2582%25B9%25E3%2582%25B1%25E8%25A3%2582%25E6%25B3%25A2120%2F&link_type=text&ut=eyJwYWdlIjoidXJsIiwidHlwZSI6InRleHQiLCJjb2wiOjF9,4,"川バチのレンジを入れた釣りの本命。サスケSS同様早く巻くとアクションが強くなるので、アップクロスと流れが緩いときに使うのが良い。旧江戸レベルの流れであれば川を正面にみてアップ側に15度の角度が一番釣れる角度だと思っている。ややクロスに入ったところでヌ～っとしたバイトが出る。かなり潜って1m程度のブレイクに微かに触れるイメージ。
現代のバチルアーと比較するとこれも太いように思えるが、全く問題ない。むしろ良いアピールになると思って使ってほしい。レンジを入れられてヌメーッとしたアクションということで川バチにはなくてはならないルアーである。アイマはリップ付きで安定的にレンジコントロールできるルアーが各種そろっているのでシンペンでレンジコントロールするのが苦手だと思っている方はアイマルアーでそろえるのもあり。"
ヤルキスティック93,邪道,93,8,1540,#10,sinking,0,20,horizontal,I字,dead_slow,medium,harbor,https://www.youtube.com/watch?v=_ww1f_cdOJU,,,3,にょろにょろの重い版。足場が高い港湾ポイントで使用。足場が高いとエリテンもにょろも機能しないのだ。軽いバージョンのヤルキバもあるが、ヤルキバの得意レンジは他のルアーでカバーできるので、ノーマルを好んで使う。衝撃にとても弱い。フッコサイズの抜き上げでもアイ、リアリングが曲がるなどが頻発。邪道ルアーは本当にテストしているのだろうかという疑念があった。
SLミノー125,スカジットデザインズ,125,17,2090,#4,floating,0,80,horizontal,テールスイング,medium,long,river,,,,3,急流のバチ抜けパターンに使用。泳ぎがとてもナチュラルなのでどダウンであってもテンションを抜けばバチ抜けルアーとして使用可能。ウッドルアーの特性なのだろうか。ヌメヌメしたおとなしい泳ぎをする。どダウンでもバチの動きを再現出来るルアーは数少ない。廃盤かつ残り一本なので最近は持って行っていない。
ナイトレイド90F,ティムコ,90,8,1870,#8,floating,0,10,horizontal,テールスイング,slow,medium,harbor,https://www.youtube.com/watch?v=jmMQZAPILLA,https://www.amazon.co.jp/s?k=%E3%83%8A%E3%82%A4%E3%83%88%E3%83%AC%E3%82%A4%E3%83%8990F%20%E3%82%B7%E3%83%BC%E3%83%90%E3%82%B9&tag=bachilure-22,https://hb.afl.rakuten.co.jp/hgc/3a0b5c9c.7de4b1ee.3a0b5c9d.e6b2f811/?pc=https%3A%2F%2Fsearch.rakuten.co.jp%2Fsearch%2Fmall%2F%25E3%2583%258A%25E3%2582%25A4%25E3%2583%2588%25E3%2583%25AC%25E3%2582%25A4%25E3%2583%258990F%2F&link_type=text&ut=eyJwYWdlIjoidXJsIiwidHlwZSI6InRleHQiLCJjb2wiOjF9,3,港湾バチ用。綺麗な引き波を出せる。エリテンとも異なる引き波で表層引き波系のバリエーションのひとつとして持っていてもよいルアー。使い込んでいないので真価は発揮できていないと思えるが普通に釣れる。120Fはサイズ感がよいので使い込んだが、コモモやグースに及ばない印象であった。
シリテン100,マドネス,93,11,1760,#10,sinking,0,30,horizontal,くねり,slow,medium,"harbor,bottom",,https://www.amazon.co.jp/s?k=%E3%82%B7%E3%83%AA%E3%83%86%E3%83%B3100&tag=bachilure-22,https://hb.afl.rakuten.co.jp/hgc/3a0b5c9c.7de4b1ee.3a0b5c9d.e6b2f811/?pc=https%3A%2F%2Fsearch.rakuten.co.jp%2Fsearch%2Fmall%2F%25E3%2582%25B7%25E3%2583%25AA%25E3%2583%2586%25E3%2583%25B3100%2F&link_type=text&ut=eyJwYWdlIjoidXJsIiwidHlwZSI6InRleHQiLCJjb2wiOjF9,1,"飛距離は出るが泳ぎは平凡。ウリはシリコンボディだが恩恵は感じられない。
2000年代にシリコンルアーブームが起こった。が2026念現在残っているのはシリテンバイブのみ。
シリテンバイブも結構投げたがあまり釣れる印象を持っていない。"
ガルプ!ベビーサーディン,バークレイ,76,,900,,sinking,0,100,horizontal,I字,slow,medium,bottom,https://www.youtube.com/watch?v=bjvznCTmy6E,https://www.amazon.co.jp/s?k=%E3%82%AC%E3%83%AB%E3%83%97%20%E3%83%99%E3%83%93%E3%83%BC%E3%82%B5%E3%83%BC%E3%83%87%E3%82%A3%E3%83%B3&tag=bachilure-22,https://hb.afl.rakuten.co.jp/hgc/3a0b5c9c.7de4b1ee.3a0b5c9d.e6b2f811/?pc=https%3A%2F%2Fsearch.rakuten.co.jp%2Fsearch%2Fmall%2F%25E3%2582%25AC%25E3%2583%25AB%25E3%2583%2597%2521%25E3%2583%2599%25E3%2583%2593%25E3%2583%25BC%25E3%2582%25B5%25E3%2583%25BC%25E3%2583%2587%25E3%2582%25A3%25E3%2583%25B3%2F&link_type=text&ut=eyJwYWdlIjoidXJsIiwidHlwZSI6InRleHQiLCJjb2wiOjF9,2,"ちょっと前のバチ抜け特集では必ず掲載されていたワーム。パッケージから液が漏れるのと、他ワームと比較してのにおいの強みを感じられなかったのでR32をメインと使うようになってそのままフェードアウトしている。
タイラバをやっていても匂いが効くシチュエーションは明確にあるのでシーバスでも同様に効くとおもうが実感はできていない。"
オネスティ95S,エバーグリーン,95,10,1870,#8,sinking,0,10,horizontal,テールスイング,dead_slow,long,"river,harbor",https://www.youtube.com/watch?v=kQPEEzsvCVg,https://www.amazon.co.jp/s?k=%E3%82%AA%E3%83%8D%E3%82%B9%E3%83%86%E3%82%A395S&tag=bachilure-22,https://hb.afl.rakuten.co.jp/hgc/3a0b5c9c.7de4b1ee.3a0b5c9d.e6b2f811/?pc=https%3A%2F%2Fsearch.rakuten.co.jp%2Fsearch%2Fmall%2F%25E3%2582%25AA%25E3%2583%258D%25E3%2582%25B9%25E3%2583%2586%25E3%2582%25A395S%2F&link_type=text&ut=eyJwYWdlIjoidXJsIiwidHlwZSI6InRleHQiLCJjb2wiOjF9,4,元祖I字系ミノー。川バチでのレンジを入れた漂わせに使う。いかにもなミノーシェイプなのに泳ぎは繊細。
ブローウィン125F,ブルーブルー,125,19,2200,#4,floating,0,50,horizontal,テールスイング,slow,long,river,https://www.youtube.com/watch?v=KO0vaFPR9Yg,https://www.amazon.co.jp/s?k=%E3%83%96%E3%83%AD%E3%83%BC%E3%82%A6%E3%82%A3%E3%83%B3125F&tag=bachilure-22,https://hb.afl.rakuten.co.jp/hgc/3a0b5c9c.7de4b1ee.3a0b5c9d.e6b2f811/?pc=https%3A%2F%2Fsearch.rakuten.co.jp%2Fsearch%2Fmall%2F%25E3%2583%2596%25E3%2583%25AD%25E3%2583%25BC%25E3%2582%25A6%25E3%2582%25A3%25E3%2583%25B3125F%2F&link_type=text&ut=eyJwYWdlIjoidXJsIiwidHlwZSI6InRleHQiLCJjb2wiOjF9,3,"120mm以上で細身でレンジが程よく入る川バチ用。水面下5センチを引いてくるイメージ。泳ぎはおとなしいが艶めかしくこれは釣れるだろうというミノー。近年初めて使ったが売れるのが分かる。このブローウィンも川バチをシステマチックにレンジを入れることが出来るルアー。使用経験ないが110Sも80Sも恐らく同じように使えるのだろう。
ただしバチ用として売り切れるほどの特異性はないように思える。"
ヨレヨレ,邪道,105,10,1540,#8,sinking,0,20,horizontal,くねり,dead_slow,medium,"river,harbor",https://www.youtube.com/watch?v=jtItKhZ2lRg,https://www.amazon.co.jp/s?k=%E3%83%A8%E3%83%AC%E3%83%A8%E3%83%AC&tag=bachilure-22,https://hb.afl.rakuten.co.jp/hgc/3a0b5c9c.7de4b1ee.3a0b5c9d.e6b2f811/?pc=https%3A%2F%2Fsearch.rakuten.co.jp%2Fsearch%2Fmall%2F%25E3%2583%25A8%25E3%2583%25AC%25E3%2583%25A8%25E3%2583%25AC%2F&link_type=text&ut=eyJwYWdlIjoidXJsIiwidHlwZSI6InRleHQiLCJjb2wiOjF9,4,底バチ用として使用。水深１－２Mの川においてヨレヨレをスローで引いてくると底を時たまこするようなレンジを引くことが出来る。他ルアーと比較してアクションは鈍く大きめだが魚はかまわず食ってくる。いまだに釣具屋には必ず置いてあり、代わりがきかないルアーというのがよくわかる。
レイジー95S,ダイワ,95,10,1760,#8,sinking,0,30,horizontal,テールスイング,slow,medium,harbor,https://www.youtube.com/watch?v=CTbIVhULPXs,,,2,ダイワが出した変哲もないシンペン。特異性がなかったので消えていった。管理人のルアーボックスにずっと入っていたが積極的にはなげず数匹しか釣れていない。
エスフォーneo125,エフテック,125,18,2200,#4,floating,0,30,horizontal,テールスイング,slow,long,river,,,,4,"隠れた名作シャローランナー。エスフォーの動きはいわゆるスネークアクションであるがNEOは通常エスフォーより細くアピールが弱めである。この表層系の波紋がとてもよく釣れる。廃盤であり中古ルアー市場でも出てこない。管理人的にはグースにならぶ名作だと思っている。これもグース同様に川バチ用でアップ、止水域で使用する。
浮き姿勢は尻下がりであり、これも流れが全くない場所でのほっとけでもとても出る。旧江戸のド干潮流れなし止水状態完全ほっとけパターンでのエースはグース１２５Fと本ルアーであった。"
